<?xml version="1.0" encoding="UTF-8"?>
<beans xmlns="http://www.springframework.org/schema/beans"
	xmlns:xsi="http://www.w3.org/2001/XMLSchema-instance"
	xmlns:context="http://www.springframework.org/schema/context"
	xsi:schemaLocation="http://www.springframework.org/schema/beans 
	http://www.springframework.org/schema/beans/spring-beans-3.0.xsd
	http://www.springframework.org/schema/context 
	http://www.springframework.org/schema/context/spring-context.xsd">

	<context:annotation-config />
	<!-- Root Context: defines shared resources visible to all other web components -->
	<!-- Add JPA support -->
 	<bean id="emf"
		class="org.springframework.orm.jpa.LocalContainerEntityManagerFactoryBean">
		<property name="loadTimeWeaver">
			<bean
				class="org.springframework.instrument.classloading.InstrumentationLoadTimeWeaver" />
		</property>
		<property name="persistenceUnitName" value="rms" />
	</bean>
	
	<bean id="webexpressionHandler" class="org.springframework.security.web.access.expression.DefaultWebSecurityExpressionHandler" />
	
	<bean id="sessionFactory"
	    class="org.springframework.orm.hibernate3.annotation.AnnotationSessionFactoryBean"
	    factory-bean="emf" factory-method="getSessionFactory" lazy-init="false">
	</bean>

	<!-- Add Transaction support -->
	<bean id="happytripTxManager" class="org.springframework.orm.jpa.JpaTransactionManager">
		<property name="entityManagerFactory" ref="emf" />
	</bean>

</beans>
