<?xml version="1.0" encoding="UTF-8"?>
<beans xmlns="http://www.springframework.org/schema/beans"
	xmlns:xsi="http://www.w3.org/2001/XMLSchema-instance" xmlns:security="http://www.springframework.org/schema/security"
	xsi:schemaLocation="http://www.springframework.org/schema/beans http://www.springframework.org/schema/beans/spring-beans.xsd
                           http://www.springframework.org/schema/security http://www.springframework.org/schema/security/spring-security-3.2.xsd">

	<security:global-method-security
		secured-annotations="enabled" />
 
	<security:http auto-config="true">
		<!-- Restrict URLs based on role -->
		<security:intercept-url pattern="/*"
			access="IS_AUTHENTICATED_ANONYMOUSLY" />
	
		<security:intercept-url pattern="/resources/**"
			access="IS_AUTHENTICATED_ANONYMOUSLY" />
			
			<security:intercept-url pattern="/css/**"
			access="IS_AUTHENTICATED_ANONYMOUSLY" />
				<security:intercept-url pattern="/fonts/**"
			access="IS_AUTHENTICATED_ANONYMOUSLY" />
			<security:intercept-url pattern="/images/**"
			access="IS_AUTHENTICATED_ANONYMOUSLY" />
				<security:intercept-url pattern="/js/**"
			access="IS_AUTHENTICATED_ANONYMOUSLY" />
		<security:intercept-url pattern="/login*"
			access="IS_AUTHENTICATED_ANONYMOUSLY" />
	<security:intercept-url pattern="/customer/**"
			access="IS_AUTHENTICATED_ANONYMOUSLY" />
			
			<security:intercept-url pattern="/reg-customer/**"
			access="IS_AUTHENTICATED_ANONYMOUSLY" />
		
		<!-- Override default login and logout pages -->
		<security:form-login login-page="/login.html"  authentication-success-handler-ref="redirectRoleStrategy" authentication-failure-url="/loginError"  />

		<security:logout invalidate-session="true" logout-url="/logout"
			logout-success-url="/home" />
	</security:http>

	<security:authentication-manager  >
		<security:authentication-provider  >
			<security:jdbc-user-service
				users-by-username-query="select u.email_id, u.password,u.status from user as u where 
				u.email_id=?"
				
				authorities-by-username-query="select u.email_id, u.role from user as u where 
				u.email_id=?"
				data-source-ref="dataSource" /><!--  -->
		</security:authentication-provider>
	</security:authentication-manager>

	<bean id="dataSource" class="com.mchange.v2.c3p0.ComboPooledDataSource" 
        destroy-method="close">
        <property name="driverClass">
            <value>com.mysql.jdbc.Driver</value>
        </property>
        <property name="jdbcUrl">
            <value>jdbc:mysql://localhost:3306/rms_db</value>
        </property>
        <property name="properties">
            <props>
                <prop key="c3p0.acquire_increment">5</prop>
                <prop key="c3p0.idle_test_period">3000</prop>
                <prop key="c3p0.max_size">5</prop>
                <prop key="c3p0.max_statements">50</prop>
                <prop key="c3p0.timeout">300</prop>
                <prop key="c3p0.min_size">100</prop>
                <prop key="user">root</prop>
                <prop key="password">wonderfulday</prop>
            </props>
        </property>
    </bean>

	<bean id="redirectRoleStrategy"
		class="com.itc.rms.controllers.RoleBasedAuthenticationHandler">
		<property name="roleUrlMap">
			<map>
				<entry key="ADMIN" value="/home.html" />
				<entry key="CUSTOMER" value="/placeOrder.html" />
 				<entry key="RETAILER" value="/home.html" />
			</map>
		</property>
		<property name="useReferer" value="true" />
	</bean>
</beans>