<?xml version="1.0" encoding="UTF-8"?>
<beans:beans xmlns="http://www.springframework.org/schema/mvc"
	xmlns:mvc="http://www.springframework.org/schema/mvc"
	xmlns:xsi="http://www.w3.org/2001/XMLSchema-instance" xmlns:beans="http://www.springframework.org/schema/beans"
	xmlns:context="http://www.springframework.org/schema/context"
	xsi:schemaLocation="http://www.springframework.org/schema/mvc 
	http://www.springframework.org/schema/mvc/spring-mvc-3.0.xsd
		http://www.springframework.org/schema/beans 
		http://www.springframework.org/schema/beans/spring-beans-3.0.xsd
		http://www.springframework.org/schema/context 
		http://www.springframework.org/schema/context/spring-context-3.0.xsd">

	<!-- DispatcherServlet Context: defines this servlet's request-processing 
		infrastructure -->

	<!-- Enables the Spring MVC @Controller programming model -->
	<annotation-driven />
	<context:annotation-config/>
	<context:component-scan base-package="com.itc.rms.controllers" />
	<context:component-scan base-package="com.itc.rms.entities" />
	<context:component-scan base-package="com.itc.rms.services" />
	<context:component-scan base-package="com.itc.rms.serviceimpl" />
	<context:component-scan base-package="com.itc.rms.dao" />
	<context:component-scan base-package="com.itc.rms.daoimpl" />

	<!-- Handles HTTP GET requests for /resources/** by efficiently serving 
		up static resources in the ${webappRoot}/resources directory -->
	<mvc:resources mapping="/css/**" location="/resources/css/"/>
	<mvc:resources mapping="/js/**" location="/resources/js/"/>
	<mvc:resources mapping="/images/**" location="/resources/images/"/>
	<mvc:resources mapping="/fonts/**" location="/resources/fonts/"/>
	<mvc:annotation-driven />			

	<!-- Resolves views selected for rendering by @Controllers to .jsp resources 
		in the /WEB-INF/views directory -->
	<beans:bean
		class="org.springframework.web.servlet.view.InternalResourceViewResolver">
		<beans:property name="prefix" value="WEB-INF/" />
		<beans:property name="suffix" value=".jsp" />
	</beans:bean>
		<beans:bean id="webexpressionHandler" class="org.springframework.security.web.access.expression.DefaultWebSecurityExpressionHandler" />
</beans:beans>
